"","FIPS_CNTRY","OUT1980_lagged","OUT1980_Ii","OUT1980_Iisig","OUT1990_lagged","OUT1990_Ii","OUT1990_Iisig","OUT2000_lagged","OUT2000_Ii","OUT2000_Iisig","IN1980_lagged","IN1980_Ii","IN1980_Iisig","IN1990_lagged","IN1990_Ii","IN1990_Iisig","IN2000_lagged","IN2000_Ii","IN2000_Iisig"
"1","AA",0,0,0,0,0,0,0,0,0,0,0,0,0,0,0,0,0,0
"2","AC",0,0,0,0,0,0,0,0,0,0,0,0,0,0,0,0,0,0
"3","AE",118982.5,0.104077762698247,0.433914651146236,181699,0.105477616021545,0.432528246664764,243980.5,0.122603661368869,0.424874461435377,983239,0.0563804720562795,0.461557513292251,2583265.5,0.43691335204415,0.222949053538288,2877273.5,0.563855449800198,0.125947443495026
"4","AF",988522.333333333,-0.0336070842211684,0.531698340940425,1078098.33333333,0.152082833912103,0.336371637433706,1315437.5,0.189150090865984,0.307060713488523,1103230.66666667,-0.108039596944211,0.614031738692632,1100696,-0.0734128243420156,0.582682638017117,949144.666666667,-0.0267594698225972,0.531711852244719
"5","AG",391827.142857143,-0.0598210489161418,0.564429198631943,454702.142857143,-0.056796650978119,0.561446578013785,482614.857142857,-0.0612910145692595,0.564301849030806,98672,0.049446709020565,0.436050088028895,122556.142857143,0.0496427112024091,0.430796779892733,142571.285714286,0.0414143478365596,0.431989434092405
"6","AJ",2542827.28571429,0.384389676528228,0.129609162429028,2984125.28571429,0.650304390731376,0.0276960109319495,2871829.85714286,1.01722839129146,0.0019583083268715,1954139.42857143,-0.0437878530191655,0.547731553406093,2428947.14285714,-0.0733890631394656,0.589260284590584,2548903.14285714,-0.108933679177469,0.653958057017134
"7","AL",412982.25,0.0158611283236739,0.482705878331023,320331.5,0.0458075178235937,0.456333972811591,348048.75,-0.0597966132709468,0.547180774607761,47950.75,0.0690317891326185,0.434245911504864,126803.5,0.0535090401011825,0.443990009360097,210558,0.0362239899047729,0.454334138446463
"8","AM",1056858.5,-0.0152118725955497,0.509786575224434,1269589.5,-0.0334353548860733,0.525861727074495,1665361,0.111970533194969,0.402733153640179,454953.25,0.000128900778522405,0.49627921136124,661680.5,-0.00894497378023769,0.504848804751511,673105.75,-0.00200078683552281,0.497742585118462
"9","AN",1662003,-0.380776401005398,0.719131763780087,1497040.5,-0.299221195447282,0.676653265550005,1438811,-0.270058922612311,0.654751827355521,3249984.5,-0.507347662084851,0.78952557890944,3363474.5,-0.384842181238823,0.744881541537617,4015794.5,-0.30527542930752,0.728383409060314
"10","AO",135732.5,0.0590665513593188,0.445210608781678,171021.5,0.0615749719849547,0.44259060149478,230017,0.0600706621355228,0.445891874406503,230325.75,0.0423425918646338,0.458166995967506,189104.75,0.0497476491379864,0.447632510545279,141732.75,0.0451754780307462,0.444228014464816
"11","AQ",0,0,0,0,0,0,0,0,0,0,0,0,0,0,0,0,0,0
"12","AR",188475.8,0.0293323116602732,0.467511476652341,244724.6,0.0201424101623944,0.476272505573712,380451,0.00992160689601104,0.486805444169937,281186.4,-0.107322878144168,0.603485937717049,226757.8,-0.0936183028732234,0.59707399750233,206912.8,-0.0588660222982817,0.569481662211961
"13","AS",0,0,0,0,0,0,0,0,0,0,0,0,0,0,0,0,0,0
"14","AU",1182617.75,0.073699302595532,0.404522433255754,1096962.375,-0.0151285960154729,0.513936903515589,1127421.75,-0.0292107191703689,0.530417957829757,1385127.75,0.100842920311032,0.367621173545711,1585736.125,0.0713067361151168,0.396680610263455,1982828.5,0.0742603346015825,0.376145668990592
"15","AV",0,0,0,0,0,0,0,0,0,0,0,0,0,0,0,0,0,0
"16","AY",0,0,0,0,0,0,0,0,0,0,0,0,0,0,0,0,0,0
"17","BA",0,0,0,0,0,0,0,0,0,0,0,0,0,0,0,0,0,0
"18","BB",0,0,0,0,0,0,0,0,0,0,0,0,0,0,0,0,0,0
"19","BC",169720,0.0795118429775656,0.427616353297853,246241,0.0837215216831799,0.423406783602971,322828.5,0.1043421414092,0.409016042949372,438894,0.00400449115168136,0.492773453448896,480673.5,0.00850864346525581,0.487791205208625,412991.5,0.0196510581067333,0.473118150545021
"20","BD",0,0,0,0,0,0,0,0,0,0,0,0,0,0,0,0,0,0
"21","BE",1069929.25,-0.0220909345874958,0.515780087322413,1174730,-0.0505625016366666,0.540858390827526,1385336,-0.119919401019953,0.597251014585262,3604132,0.575657910316038,0.0943514666086845,3741080.75,0.303812464209012,0.225390028425717,4400049,0.140016728325947,0.3405906152518
"22","BF",0,0,0,0,0,0,0,0,0,0,0,0,0,0,0,0,0,0
"23","BG",3914380.5,10.8133547843452,1.30570671171852e-62,4189287.5,9.43638882119195,6.1361297015386e-49,4921614,9.84747656556108,1.71321196301214e-49,4516745,0.585845203122401,0.172836042066885,3757791.5,0.296672244825122,0.301598964372925,3166890.5,0.127675418602445,0.395252034360838
"24","BH",54352,0.126755130755997,0.420216463747383,156911.5,0.115568090643929,0.426376606291798,290567.5,0.112542096299434,0.430782771385679,22226,0.0821196859714604,0.445253613030087,22336,0.0762837879357354,0.444813670495111,25227,0.055767150911048,0.452018549134873
"25","BK",87661.6666666667,0.0435626388082199,0.464212598467002,128741,-0.0670729443836114,0.547818711437798,207804.333333333,-0.150723322314918,0.606199510317808,38076.6666666667,0.0792130512340128,0.435201174299352,161063,0.0501224716236236,0.454347006838145,207227,0.0384868355403104,0.458208593769305
"26","BL",208897.8,0.0535907987020213,0.44397896113635,300471.4,0.0468373687048705,0.45012017193034,513595.6,0.0201443512413419,0.477113867253723,638024.4,-0.0300019172883471,0.526335028233997,533882.8,0.00100123818084372,0.494546669355118,488089.8,0.0122130269938383,0.479398538902758
"27","BM",2659750,-0.332782044694037,0.789470536423873,2863236.2,-0.463907971898591,0.871699750791513,3207694.8,-0.435278594680676,0.847553407030657,2004943.2,-0.175919189899773,0.668780645362289,1736261.8,-0.132255135137205,0.637477535088756,1617874.6,-0.0803902485188115,0.596272126619505
"28","BN",419281.5,0.00268423870491174,0.494187282503456,432700.5,0.0193484279536664,0.479505955502228,627498.25,0.00298722188815124,0.494093279930204,421916,0.00638753702068246,0.490618072178257,270622.75,0.0342521783320693,0.462681482592567,411323.75,0.0172022345714287,0.475899779350025
"29","BO",4745168.2,5.42597103150447,1.37006775540228e-40,5104253.8,5.17160762245061,1.26484285388517e-37,4462646.4,2.2278144710718,5.50615804767355e-08,3414426.2,1.03585712680282,0.00414298734245386,3991781.2,1.02000848519193,0.00249383688213105,3743728,0.239154908775127,0.219013232357526
"30","BP",0,0,0,0,0,0,0,0,0,0,0,0,0,0,0,0,0,0
"31","BR",215733.5,0.0286090058843206,0.454721923392527,318113.8,0.0108277854586137,0.479227697787174,473039,-0.0241512389232737,0.527291883787331,335426.9,-0.032749719209231,0.541437766520129,323159.8,-0.0149089963832546,0.516983391300022,317567.1,-0.00227897663085383,0.496932704599876
"32","BT",3991976,-1.10500839306675,0.955018140887453,4332084,-1.16534201261874,0.964308035148212,5011899.5,-1.47091543231205,0.985927732651205,4462795,-0.741529532045563,0.880837831880079,3744686,-0.449937909100356,0.779650502853306,3206375.5,-0.236102339717542,0.680235337946862
"33","BU",935260.2,-0.0206417133914992,0.516257231172636,1110268.4,0.0323478769830736,0.464295587084829,1140308.8,0.0356174103932157,0.462472349254863,234539.2,0.0413468659122793,0.454184259569466,353976.2,0.0264633588476356,0.466731736247748,447034,0.0153055777978795,0.475469614002004
"34","BV",0,0,0,0,0,0,0,0,0,0,0,0,0,0,0,0,0,0
"35","BX",409630,0.0184885497829787,0.490254201847866,593744,-0.0112861627116548,0.503192857103787,1155210,-0.160707665375223,0.565744174469933,674645,-0.0367979742026159,0.514774603935267,951460,-0.0520876732009954,0.523423557497364,1503266,-0.0702078842668997,0.53764109549705
"36","BY",205188,0.0300973907678967,0.474330842725044,199243,0.0661727121360096,0.4468543219104,181946.333333333,0.106801282032115,0.419406360795426,172331.333333333,0.0455911285705377,0.461277550476719,162187.666666667,0.0490294866221332,0.455265310112674,210602,0.0376544955376799,0.459024702134321
"37","CA",1635115,0.594584530296673,0.257605528941318,1781009,0.41815335709757,0.321797082942339,2182911,0.496242139175305,0.298612317662062,16364414,22.3261038141249,1.63863380226476e-140,23251023,24.3742970873272,4.41113889526613e-195,34814064,25.6164884864626,6.89198049872006e-293
"38","CB",274114.333333333,0.049741708008792,0.459576774987888,554558.666666667,-0.000548670582283344,0.497389868770217,925265,-0.0538728842896616,0.536492311731032,99831.6666666667,0.0687145643847856,0.443318776968854,105902.333333333,0.0594732852051997,0.446501118962236,250438,0.023324136928545,0.473099784762604
"39","CD",175375.666666667,0.0691171356314548,0.422194920061978,201010,0.0776376095614211,0.412583460719138,291309.333333333,0.0951827853592923,0.397861372916128,363342.333333333,0.01586415143804,0.477955125740843,280933.666666667,0.0330336738515365,0.455686696077878,351387,0.0237796701097531,0.461362338460645
"40","CE",0,0,0,0,0,0,0,0,0,0,0,0,0,0,0,0,0,0
"41","CF",88104.2,0.0460423114245167,0.451284348889404,97242.8,0.0532049474897961,0.443909609355517,123096.2,0.0051363125694646,0.491345126516523,74744.4,-0.0135105516238465,0.509648694972195,110093,0.0194209878913683,0.474414409194253,90243.4,0.0271585975789763,0.46043636932859
"42","CG",219030.444444444,0.0725021305698978,0.400214856848684,244792.666666667,0.0876199291389333,0.380133761017195,335171.666666667,0.0964466524860901,0.373400834028979,247550.444444444,0.0341148985563231,0.448064881153055,201132.111111111,0.038341648913647,0.437877860644642,222337.333333333,0.0384322074050711,0.428002076325468
"43","CH",2011952.07142857,-0.0702441001718827,0.608517078190459,2314050.35714286,-0.0646208593407145,0.600253203477991,2375741.78571429,-0.128199898675165,0.692390483077583,1858737.57142857,-0.222508970235806,0.826633621885574,1900966.42857143,-0.160155225159554,0.765242165622685,1813572.28571429,-0.0822157212630319,0.661762356002944
"44","CI",205362,0.0843594577001671,0.433724095886031,318251.666666667,0.073834006426502,0.441090960322504,541418.666666667,0.0361266295616996,0.470645623948421,671681,-0.0408130366784812,0.52878685809384,584109.333333333,-0.00625512524528896,0.501920427655638,557239,0.00750880467138649,0.488671765635333
"45","CJ",0,0,0,0,0,0,0,0,0,0,0,0,0,0,0,0,0,0
"46","CK",0,0,0,0,0,0,0,0,0,0,0,0,0,0,0,0,0,0
"47","CM",143218.833333333,0.073499883324568,0.417595172479306,171677.666666667,0.0952800469623989,0.394098526333589,255239,0.105638078724561,0.387369614341948,333623.666666667,0.0159989792425349,0.477805530224209,180523,0.0318779680149333,0.457064731676925,225457.666666667,0.0282498426686248,0.455165815168779
"48","CN",0,0,0,0,0,0,0,0,0,0,0,0,0,0,0,0,0,0
"49","CO",170495.4,-0.0511923999455512,0.545983996229922,271823.6,-0.0767156877667299,0.571189010283253,546196.8,-0.0472768094350328,0.541013797440557,443233.4,0.00257575425421059,0.493355691093283,401706.4,0.0166110659663306,0.477482631676286,385574,0.019957162198822,0.469564627720898
"50","CQ",0,0,0,0,0,0,0,0,0,0,0,0,0,0,0,0,0,0
"51","CS",104707.5,0.103754902594198,0.434110288753255,234597,0.0868647975329242,0.443917453594122,338540,0.0884746373700534,0.444976121683914,34577,0.0722373154202517,0.451503953632424,42716,0.0543284281714406,0.459847880631496,57589.5,0.0297365384122286,0.472876978573499
"52","CT",167351.4,0.0887760042253083,0.410216291643317,216990.8,0.0993173423984186,0.399436282370148,313088.4,0.110230647497317,0.392925297346017,228053.4,0.0396571528607335,0.455884930777951,233231.6,0.0403376355156759,0.451634881400893,209576.4,0.0399302920163545,0.44430164232668
"53","CU",1635115,0.260114339934933,0.387010397198715,1781009,0.248153797215515,0.391138422624552,2182911,0.332314932069385,0.361205927130935,16364414,-2.63749060168008,0.998525036918634,23251023,-3.14843162223638,0.99993854488383,34814064,-3.21782308375423,0.999997737928553
"54","CV",0,0,0,0,0,0,0,0,0,0,0,0,0,0,0,0,0,0
"55","CW",0,0,0,0,0,0,0,0,0,0,0,0,0,0,0,0,0,0
"56","CY",0,0,0,0,0,0,0,0,0,0,0,0,0,0,0,0,0,0
"57","DA",2774441,-0.34613023942679,0.645042643713554,3165616,-0.497171640076664,0.705592218586718,3602196,-0.668952018478645,0.758789742226627,8420742,-0.987353300503543,0.866522923854431,8914921,-0.695976969065649,0.800977070453091,11134583,-0.422005369516121,0.724566455398504
"58","DJ",168191.666666667,0.095229704924363,0.42565900021043,225381,0.102841558727821,0.419392271497272,342308.666666667,0.103727197500093,0.421613263349536,140510.333333333,0.0557327378442027,0.453389161283143,147838.333333333,0.0506137403752124,0.453934332225329,154848.666666667,0.0400682870591615,0.456658470557884
"59","DO",0,0,0,0,0,0,0,0,0,0,0,0,0,0,0,0,0,0
"60","DQ",0,0,0,0,0,0,0,0,0,0,0,0,0,0,0,0,0,0
"61","DR",302906,0.0240817332598682,0.487829258773836,516979,0.00116810609402358,0.497747191549423,777935,0.0158299833604748,0.491650807207063,14072,0.0420125089216137,0.479294414086842,19061,0.0358676191474662,0.480591133042585,25813,0.0259629027437035,0.482958233073508
"62","EC",426612.5,0.0091160643396077,0.491952150316893,660257.5,-0.0200893829632037,0.509974022747839,1109767,-0.00469495107606667,0.500424412415462,75937.5,0.0627381984403615,0.457523269331718,79475,0.0581095319678778,0.457254015578383,77271,0.0454017597090394,0.46031176699879
"63","EG",171926,-0.114108832300612,0.595080010651087,246809.75,-0.237366155091948,0.696395539225094,354410.25,-0.251398945222988,0.700378982888771,509415,-0.00569585765942171,0.501548590963649,615975.5,-0.00742922839828413,0.503367354691361,813186.5,-0.0128318267694982,0.510069727180541
"64","EI",4154492,1.12028991456277,0.110801720363937,4231146,0.871733700493839,0.168572516653633,4061775,0.864287872826431,0.179527411325242,3439333,-0.29531446137818,0.628875499920259,3791231,-0.276489869356535,0.63035948905752,4891311,-0.162108608564563,0.589252630947066
"65","EK",74997.5,0.119491305919414,0.424594472135713,64293.5,0.144344877892288,0.40893588922645,76598.5,0.17658465053173,0.39349494410313,113427,0.0659618019820333,0.455479402260438,171757,0.0540567227105639,0.460034339743385,187929,0.0429185771546515,0.462301234082499
"66","EN",5995645.5,-1.19824563337084,0.967055308929795,6779950.5,-1.28921200328364,0.976996957603387,5357575,-1.03782120232667,0.939085184487842,4441455,-0.218436895896985,0.634150566463161,5655738.5,-0.188109896350362,0.624885231772478,6242876,-0.326926377993469,0.742675963399698
"67","ER",103698.666666667,0.0443926723526161,0.463589572348981,188087,0.0471334950216846,0.461223061166669,296540.333333333,0.0534150711937488,0.458033077770655,244183.666666667,0.0406053642608258,0.46516138805972,284949,0.0368760700836725,0.465491359731216,324138.333333333,0.0295573423446421,0.466972444881637
"68","ES",89517.5,0.080186294476726,0.448432256540894,230358,-0.00317551647602444,0.499499214704322,453554.5,-0.0295745614559795,0.515274252795855,30056,0.0774706146684078,0.448192430783818,37127,0.070439402236857,0.44880884821752,37895,0.0548558985414436,0.452746845191735
"69","ET",200256.4,0.0737612422599281,0.424557893433979,245636.8,0.0689971838258367,0.428569283988111,341654.8,0.0575344567634093,0.441824526399093,104563.6,0.00990652806260299,0.485932762290944,124210.6,0.0145069241817737,0.479781079862659,221640.8,0.012607713609421,0.478896990623521
"70","EZ",2121571.25,0.647191059131483,0.0773860643526539,2058256.25,0.0511203214234191,0.451696504420076,2455705.5,0.222246635051968,0.315436950689408,2674701.25,-0.370944849642214,0.797334780751761,2719296.25,-0.0691706847621342,0.563445286584305,3267867.5,-0.07324174928008,0.578321216459703
"71","FG",189481.5,0.0886807929745925,0.443261638857624,336942.5,0.0673550906600889,0.455905232556242,576461,0.0238066929905998,0.483413201111055,550062.5,-0.0165100977873446,0.507988917553986,405594.5,0.018115061062675,0.484761174546975,354761.5,0.0236747201063536,0.477747161513785
"72","FI",4023680.33333333,-0.30193874647113,0.713249563344225,4541036,-0.522897696659168,0.838488890207755,3615367.66666667,-0.426681524041303,0.781158734591821,2998847,-0.447851307180364,0.807962476306293,3848451.66666667,-0.429130374517215,0.816246815060129,4447473.33333333,-0.29111216753379,0.760995612421548
"73","FJ",0,0,0,0,0,0,0,0,0,0,0,0,0,0,0,0,0,0
"74","FK",0,0,0,0,0,0,0,0,0,0,0,0,0,0,0,0,0,0
"75","FM",0,0,0,0,0,0,0,0,0,0,0,0,0,0,0,0,0,0
"76","FO",0,0,0,0,0,0,0,0,0,0,0,0,0,0,0,0,0,0
"77","FP",0,0,0,0,0,0,0,0,0,0,0,0,0,0,0,0,0,0
"78","FQ",0,0,0,0,0,0,0,0,0,0,0,0,0,0,0,0,0,0
"79","FR",1247553,0.509884732482298,0.0549603627241948,1165334.625,0.302904530056344,0.167975607988612,1068986.25,0.25098754991605,0.220238115186717,1528714,2.43192495128644,1.95195908185123e-15,1701779.25,1.68591846629451,2.05836124554611e-09,2207025.25,1.35159699139696,2.27448937636488e-08
"80","FS",0,0,0,0,0,0,0,0,0,0,0,0,0,0,0,0,0,0
"81","GA",213314,0.0783672931688254,0.46433042668208,313544,0.0721444996257904,0.466750866677914,335948,0.100779691224304,0.455941636501875,114109,0.0556785763602833,0.473150797437451,212824,0.0377669112224204,0.479666908647158,209847,0.0300679022244521,0.480623948925917
"82","GB",151553.333333333,0.0990831021119806,0.422807271534573,165778.333333333,0.118995393767998,0.407409705937074,276443,0.124099513712057,0.407037007697978,235318.333333333,0.0366877825313361,0.468215475879542,198141.333333333,0.0385804122625159,0.464055771749398,164647.666666667,0.0315845418980287,0.464981290194253
"83","GG",3810830.75,0.227199745695046,0.306724174957821,4309967,0.666178161508213,0.0699531405349321,3934798,0.860111608397854,0.0332324780119792,2453839.25,-0.113482752322648,0.598050722839041,3089459.75,-0.132958837215821,0.623996443940746,3465964.75,-0.179334827186687,0.691567034058601
"84","GH",369622.333333333,0.00592746198294294,0.492530206086573,382151,0.0160982354679347,0.484745549875596,543303.333333333,0.00918636336712135,0.490353657670738,107600.666666667,0.0583866190962929,0.45132781246704,167826.333333333,0.042603580904593,0.460668897218485,245349.333333333,0.0270747494829099,0.469412016992282
"85","GI",1900957,-0.445729150744648,0.684475700681868,1583488,-0.318983268915675,0.635047413870834,1110891,-0.158172548149265,0.564690162505247,609350,-0.0281976749106638,0.510903417874149,829702,-0.0416482396985141,0.518344263841685,1752868,-0.106741393910071,0.558284477946418
"86","GJ",0,0,0,0,0,0,0,0,0,0,0,0,0,0,0,0,0,0
"87","GK",0,0,0,0,0,0,0,0,0,0,0,0,0,0,0,0,0,0
"88","GL",0,0,0,0,0,0,0,0,0,0,0,0,0,0,0,0,0,0
"89","GM",994917.888888889,0.832311337700961,0.0028548632805068,867957.666666667,0.475205862461306,0.0552261057761053,1043112.22222222,0.621715126075271,0.0221381600074283,1160764.22222222,2.33776648354431,5.10251227592425e-16,1210885,1.5206318396245,8.90897680083782e-09,1283266.77777778,1.03702803379005,4.22207134810672e-06
"90","GO",0,0,0,0,0,0,0,0,0,0,0,0,0,0,0,0,0,0
"91","GP",0,0,0,0,0,0,0,0,0,0,0,0,0,0,0,0,0,0
"92","GQ",0,0,0,0,0,0,0,0,0,0,0,0,0,0,0,0,0,0
"93","GR",828495.5,0.176508842250256,0.346645399452785,897593.5,0.100660430016521,0.408853056363924,1287577.25,0.137141491280626,0.382187670259825,220514.75,0.0288778572474059,0.47029856176086,325633,0.00758311205099972,0.488695450948508,386286,-0.003666603301018,0.499638656783873
"94","GT",68313,0.101592448515604,0.408776218091305,192994.5,0.0504627886385558,0.452270110943121,335610.5,0.0133022859527058,0.485356155349101,16511.25,0.0779755252447642,0.426278935659575,15939.5,0.0713773821786522,0.42675613788698,24385,0.0546360634118037,0.433586534247103
"95","GV",172922.5,0.0273964748731732,0.466425335048412,197178.333333333,0.0280421520429917,0.465464089805987,266407.333333333,0.0449110993628975,0.449214362022806,77018,0.0697011309196577,0.418689442935196,92648.5,0.0563798596713455,0.427985756533838,90695.8333333333,0.0322813978720586,0.449586597603032
"96","GY",179130.333333333,0.0708065869915408,0.443817943577318,296936,0.0446641664008368,0.463090763542431,495523,0.0233810852274104,0.479963574290404,683186.333333333,-0.0424352383364805,0.530052479120723,611004,-0.0101296870073712,0.505196660978824,574921.666666667,0.00572600580516221,0.49042865794832
"97","GZ",704951,-0.0759508263178184,0.544124254425499,1211334,-0.208969339915302,0.624849693867825,1489805.5,-0.28932725785488,0.665316410756114,808352.5,-0.0671398677316784,0.54021417538186,903187,-0.0531358194048619,0.533860912478448,1208286,-0.0554541440420412,0.541357325723124
"98","HA",255732,0.0240817332598682,0.487829258773836,492351,0.00116810609402358,0.497747191549423,873995,0.0158299833604748,0.491650807207063,234820,0.0420125089216137,0.479294414086842,288509,0.0358676191474662,0.480591133042585,355043,0.0259629027437035,0.482958233073508
"99","HM",0,0,0,0,0,0,0,0,0,0,0,0,0,0,0,0,0,0
"100","HO",119367.333333333,0.0924791044880608,0.427696988132766,397930.666666667,0.0349878629369944,0.470416995934608,667931.333333333,-0.00344515182986744,0.4996052493519,30967.6666666667,0.0789811945094043,0.43538016811419,30997,0.0704046459799358,0.43735575617376,36382,0.0552900369185598,0.441775399491952
"101","HQ",0,0,0,0,0,0,0,0,0,0,0,0,0,0,0,0,0,0
"102","HR",162365.6,0.0430294559469635,0.454204930299632,265023.4,0.0271687342946632,0.469374432885293,364069,0.00349142347186686,0.492905878045199,82742.8,0.0545889494190915,0.440887799178119,108987.6,0.00684735726759032,0.488153079268381,101115.2,0.00107328037469186,0.493564862387071
"103","HU",1173407.28571429,0.00164159921751774,0.493480469714925,1468849.28571429,-0.0713416991487993,0.578174830075018,1287434,-0.0718932218202208,0.576064306573833,1028148.85714286,-0.0216141995069355,0.5211822809307,1220483.28571429,-0.0423845754183279,0.549676429547453,1035003,-0.0209034240435264,0.525453341303789
"104","IC",0,0,0,0,0,0,0,0,0,0,0,0,0,0,0,0,0,0
"105","ID",144813.666666667,-0.00477544841208303,0.500596459494442,207976.666666667,-0.104935505896643,0.57623116196879,402879,-0.154009170022287,0.608518688282984,238469,-0.0256521647307355,0.516946196813439,328672.666666667,0.0045087941555509,0.492818731984909,510588.333333333,0.00918531147731282,0.487019820719692
"106","IM",0,0,0,0,0,0,0,0,0,0,0,0,0,0,0,0,0,0
"107","IN",1719133.5,6.09790043039777,1.24497902326841e-60,1640238.66666667,4.76782008688244,1.86158489069305e-38,1735609.16666667,5.12543037859504,3.4158665673929e-41,905201.5,1.56468534884339,6.22743232759356e-06,808229.666666667,0.494962782900174,0.0667744463157112,750516,0.0986565345003613,0.359943332455499
"108","IO",0,0,0,0,0,0,0,0,0,0,0,0,0,0,0,0,0,0
"109","IR",1211740.85714286,0.0311022556667174,0.459407268875579,1361333.42857143,0.0658607923507784,0.418977823273346,1674715.14285714,0.19940583352782,0.282797281946679,868723,-0.0230262537838002,0.522877046091744,790638.714285714,0.0160756541420117,0.474000954848237,683078,0.00232787508541958,0.490498819912507
"110","IS",484085.666666667,-0.000960266249173704,0.496760985706324,792461,-0.00513851578002217,0.501246476223472,933042.833333333,0.00992719463080326,0.485514814414821,211761.666666667,-0.100917570285841,0.606421656824143,321145.666666667,-0.0652450600365039,0.57307249152731,462590.833333333,-0.0424966175856118,0.553518876343144
"111","IT",401449.5,-0.18505762342352,0.686585311085809,389430.5,-0.301115924046077,0.789350652680351,454027.833333333,-0.254534252102984,0.743473215947517,1286315.16666667,0.224981330890856,0.261810242064288,1375523.5,0.200802656297773,0.269026220632959,1502771,0.196666324666445,0.241638648167603
"112","IV",472611.4,-0.00139668828710689,0.49747413773796,503015.6,0.0153266810885164,0.481004569619296,666284.2,-0.00672294594837571,0.502599275530513,100379.6,0.0692359160165214,0.426258527361704,156703,0.056541828876219,0.434092469982464,245705.2,0.0376373309865362,0.447192382071604
"113","IZ",690558.666666667,-0.0046864231540924,0.500752357197844,849717.166666667,0.0211841726677916,0.47284649744967,1046289.66666667,0.0812959401932171,0.41191043316993,711622.166666667,-0.0412897900374381,0.541381081554752,1475305.16666667,-0.116123054563801,0.632010869286922,1622074.33333333,-0.0926808840676296,0.621678790708968
"114","JA",0,0,0,0,0,0,0,0,0,0,0,0,0,0,0,0,0,0
"115","JE",0,0,0,0,0,0,0,0,0,0,0,0,0,0,0,0,0,0
"116","JM",0,0,0,0,0,0,0,0,0,0,0,0,0,0,0,0,0,0
"117","JN",0,0,0,0,0,0,0,0,0,0,0,0,0,0,0,0,0,0
"118","JO",349522.4,-0.0130302346197364,0.508830441761894,523393.6,-0.00688819782136323,0.502857769924494,701782.6,0.013259027778605,0.483640297745553,859992.8,-0.0613533415207426,0.557906042104213,1555398.4,-0.0893104268253367,0.592495214042629,1869431.4,-0.0523336106162767,0.561281277064849
"119","JQ",0,0,0,0,0,0,0,0,0,0,0,0,0,0,0,0,0,0
"120","JU",0,0,0,0,0,0,0,0,0,0,0,0,0,0,0,0,0,0
"121","KE",166212.4,0.0309216682349714,0.46596529252277,233657.4,0.0450087792473874,0.451905999252179,408055.8,0.0345024977412953,0.463525885435907,333619,0.0161018633265225,0.479663240122489,305760.4,0.0250771588415624,0.468243082872341,310906.2,0.00466116924430236,0.489000426831448
"122","KG",837864.25,-0.0692411369342019,0.55669400714255,1190072.25,-0.00935221798003422,0.504717072705256,1528239.5,0.02258197069455,0.477501906535009,1305736.25,0.0370471640553744,0.462934098038125,1453068.25,0.0239552473336773,0.472712693357102,1175940.75,-0.0195640537236954,0.517727786585849
"123","KN",4391257.33333333,0.244543498976005,0.31934749566762,5103655,0.16549511761791,0.37343411947409,4259835.66666667,-0.196529752779416,0.63815522127777,2952436.33333333,-0.447186821223538,0.807606353789939,3750567,-0.441819796198121,0.823309457316528,4265399.33333333,-0.331120313013584,0.790561503896949
"124","KR",0,0,0,0,0,0,0,0,0,0,0,0,0,0,0,0,0,0
"125","KS",559224,0.0387454926159156,0.481474103311976,614723,0.0373627228884275,0.481927029670723,544190,-0.0679944795378464,0.526953975944929,31568,-0.0123573765954703,0.503770926104433,34077,-0.00416676111046326,0.500089013776865,36143,0.00609495892645841,0.494262834444563
"126","KT",0,0,0,0,0,0,0,0,0,0,0,0,0,0,0,0,0,0
"127","KU",281270,0.0392796675610037,0.473439482777013,417429.5,0.0208018645160339,0.484652265196169,621733.5,0.00375821791564326,0.495377822307734,944433.5,0.101821310042443,0.432834880489111,2413077,0.529922227095723,0.177984029352234,2574757,0.254714528907562,0.300838835883025
"128","KZ",2314529,2.01272362377252,3.06457198202232e-08,2791206.5,2.87819232612891,3.08449625209406e-15,2514826,2.71192692360254,6.69584850302763e-13,1836536.16666667,1.64718125928984,2.11998283047177e-06,2284766.33333333,1.44460108209073,6.63324870959765e-06,2414061.33333333,0.59634335781096,0.0179768560727848
"129","LA",286380.4,0.041742952000034,0.455452796927631,462195.4,0.0134151492723255,0.482883671507952,711140.6,-0.0106352848440609,0.506311975453064,110018.2,0.0641942387940716,0.431283725187004,114808.2,0.0600518675637021,0.430308382820596,248235.4,0.0361135083893455,0.4491150303341
"130","LE",343283,0.00237056045980387,0.496095937928879,495458,-0.0015332756525552,0.498482072665918,649787.5,4.97509407530234e-05,0.497591754860743,859539.5,-0.0751824843849719,0.545314442607327,1020111,-0.0419859454871764,0.526192370836692,1395014,-0.0372715523888832,0.526775175391897
"131","LG",3679910.5,-0.350078190362856,0.775249332583425,4138451.75,-0.485644310359528,0.855640093479834,3222286.75,-0.420037673742457,0.811561985075559,2600621.25,0.156608070795066,0.357866669617084,3305997.5,0.148020748852594,0.35479062048776,3411832,-0.0847268784679202,0.591097502439919
"132","LH",4777816.25,0.288769105208392,0.261186470132528,5070699.5,0.0979151971578498,0.411203772637674,4402304,-0.222721362644691,0.678884503282922,2931083.5,0.0710975526507663,0.432403257214159,3517602.75,0.058719083678764,0.438952514183863,3611995.75,-0.195362232819368,0.707475687580701
"133","LI",121578,0.0895865617689315,0.429842226562012,159159.666666667,0.103524192230262,0.418884309715424,191584,0.0922882322139766,0.429846471413967,39381.3333333333,0.0667748441471396,0.444821312313832,56708.6666666667,0.0606202676900424,0.445540109930049,111850,0.044467810434328,0.45234964221761
"134","LO",2659694,-0.263712081969543,0.737470900213299,2580369.6,-0.210423811100924,0.694697746623093,2581758.2,-0.108257536042643,0.597953592433004,1761950.4,-0.243542542039915,0.728487984946935,1912462.8,-0.186072085235997,0.691213395478278,1553905.8,-0.0723595050374142,0.586322166861131
"135","LS",472595.5,-0.00137074477126903,0.498394445609447,421978,0.040827926298885,0.472267420389842,431287,0.0734060185113176,0.453899811679688,892862,-0.0817346735090745,0.549464071186619,1084819,-0.0782176265456299,0.551061246048635,1279571,-0.0612478553631536,0.545993065180616
"136","LT",249121,0.0374980283809277,0.482014583875008,396147,0.019872957136227,0.489569548052267,691291,-0.0110940419214461,0.502996175098036,983298,-0.0996792232042493,0.543013332325646,1224351,-0.0992139187982653,0.546293486901759,1007577,-0.0356948230460883,0.518044813741074
"137","LU",1537390,-0.317244654880931,0.723014228283696,1662123,-0.331016279676611,0.73330185200902,1903223.66666667,-0.414940267198579,0.77474183248643,5069392.66666667,-0.725261004318861,0.921378613448395,5234562.33333333,-0.544657448133137,0.874108451694525,6097437.33333333,-0.41112141756799,0.84280618216176
"138","LY",619059,-0.0412944781379363,0.539899646326402,795087.333333333,-0.0674612080737949,0.568201523617726,857516.666666667,-0.0598457075338814,0.557973512588841,136715.333333333,0.0202038255495905,0.473141802089589,149971.166666667,0.00893066161493156,0.484511965465905,163531.333333333,0.00625838141082035,0.48572669413059
"139","MA",0,0,0,0,0,0,0,0,0,0,0,0,0,0,0,0,0,0
"140","MB",0,0,0,0,0,0,0,0,0,0,0,0,0,0,0,0,0,0
"141","MD",3500231.5,-0.0576376827169675,0.532925990341093,4470204.5,0.0955650890788594,0.438587377308632,3611971.5,-0.00545261276088597,0.500876749413978,3158138.5,0.032561022400059,0.476703787229615,3524087,0.0339324262252749,0.473866400130652,2669610,-0.0484890370324317,0.535776915441391
"142","MF",0,0,0,0,0,0,0,0,0,0,0,0,0,0,0,0,0,0
"143","MG",6041976.5,-1.78071926678227,0.996892253370995,6865910,-1.9922217868694,0.998988285363255,5441377.5,-1.63299860763989,0.992612009470413,4164311,-0.705068426404476,0.868832986074921,5339950.5,-0.696274630932217,0.884328605415362,6114072,-0.523050157262427,0.852530067977553
"144","MH",0,0,0,0,0,0,0,0,0,0,0,0,0,0,0,0,0,0
"145","MI",272494.333333333,0.0274083840377195,0.476353649033274,318478.666666667,0.0370810917183727,0.468831211835619,388582.333333333,0.0566260577236681,0.455694809636054,219454.333333333,0.0173697936830957,0.483299422240701,191533.333333333,0.0246222231703286,0.475825017449688,247852,0.021082780322641,0.475304706976391
"146","MK",409141.25,-1.60110645605291e-05,0.496540994268061,479051.5,0.0136245721365858,0.484530561836767,714160.5,-0.0108997116290372,0.505859582009706,63284.5,0.0730488611263913,0.430664044995561,124893.25,0.050461614365401,0.44694076301232,226538,0.0326161008121906,0.458416153243214
"147","ML",475236.857142857,0.000888306632719052,0.494353390921136,504817.285714286,-0.00251214589923771,0.498280625039691,543991.857142857,-0.00692714028982186,0.503316700947261,78942.8571428571,0.0476003458703187,0.438241896448895,126374.142857143,0.0431431012889462,0.439114321840981,187724.571428571,0.032644735555125,0.445033581652283
"148","MN",1423049,-0.296189269582969,0.624634782443619,1410593,-0.271420322865555,0.61528508798129,1766731,-0.382727725769292,0.655448309635709,5890619,-1.0064280510022,0.871106505988422,5897247,-0.757763034983609,0.821363666640662,6278721,-0.527128057571764,0.772304463729723
"149","MO",1170451,0.372589173314964,0.238408553279717,1052511,0.31512766189158,0.271678168549182,820510.333333333,0.0893165923088807,0.431990465851037,247442,0.0346047416634706,0.469840156862611,311509.666666667,0.030055084554889,0.471241068343854,611834.666666667,0.00203614935018,0.4940654470063
"150","MP",0,0,0,0,0,0,0,0,0,0,0,0,0,0,0,0,0,0
"151","MQ",0,0,0,0,0,0,0,0,0,0,0,0,0,0,0,0,0,0
"152","MR",619433.5,-0.041570448809312,0.5327281783379,633220.25,-0.0210696446666171,0.515010147123331,615097.25,0.00938955960832637,0.488669734892768,102140.75,0.0674484808000793,0.435659187298104,119041.25,0.0610765502588348,0.436676318185761,112025.5,0.0474759201149577,0.441636421150927
"153","MT",0,0,0,0,0,0,0,0,0,0,0,0,0,0,0,0,0,0
"154","MU",145962.666666667,0.0784802284061578,0.438097894079318,245855,0.0610291712549763,0.450730037346906,299906.666666667,0.0684771002274028,0.447078675618324,927092.666666667,-0.0614268789117624,0.544843563792418,2125064.66666667,-0.0506900633523333,0.539430697047434,2589854.66666667,-0.00336190946241176,0.499386675815128
"155","MV",0,0,0,0,0,0,0,0,0,0,0,0,0,0,0,0,0,0
"156","MW",153437.25,0.101021296571845,0.409261100951,355050.25,0.0621813713682512,0.442063315352705,735324.5,-0.0304152128943778,0.522383982824354,46350.75,0.0796434143314483,0.424796420808176,151291,0.057336990503926,0.440287905811568,185054.5,0.0435028781951609,0.446113808691944
"157","MX",584688,-0.0364727783856151,0.524471094659025,709518.333333333,-0.0493767883723702,0.534445663719325,933393.666666667,-0.0960999150378059,0.567154152453668,5472062.66666667,-0.956012422684505,0.969042471022804,7764006.66666667,-1.05396487821789,0.986978634033978,11631937.6666667,-1.05836239434,0.995411981689203
"158","MY",210705.333333333,0.0103476276318099,0.489199648925438,488210.333333333,-0.00153636567693843,0.498140289827815,859818,0.0575101893352783,0.455051243232573,353430.666666667,-0.00957416323082667,0.504373135170942,274743.666666667,-0.0296720123629822,0.521711288993915,314288.333333333,-0.0424078568938517,0.537821632314292
"159","MZ",187114.166666667,-0.00181374737940397,0.497675200411057,239234.5,-0.00336308845433165,0.499329524478508,292435.666666667,-0.020607132867867,0.517307248076399,399711.5,0.0108274697492297,0.483545518604355,406089.166666667,0.0154365128169899,0.476717177401062,351091.166666667,0.0116125903053405,0.478271479336882
"160","NC",0,0,0,0,0,0,0,0,0,0,0,0,0,0,0,0,0,0
"161","NE",0,0,0,0,0,0,0,0,0,0,0,0,0,0,0,0,0,0
"162","NF",0,0,0,0,0,0,0,0,0,0,0,0,0,0,0,0,0,0
"163","NG",588465.142857143,-0.0222078421394544,0.521110451644535,590528.571428571,-0.00899176920993998,0.505849403584231,682923.857142857,-0.00818671504483449,0.50473612238071,309252.571428571,0.0226801142607467,0.467982864648216,236965.857142857,0.033569715937247,0.451413443559068,330866.285714286,0.0217496151857264,0.461320968012004
"164","NH",0,0,0,0,0,0,0,0,0,0,0,0,0,0,0,0,0,0
"165","NI",212277,0.0173067760757383,0.481446944251909,174695.5,0.0255602880830649,0.474056669713457,213600.25,-0.00287705406553683,0.499062005269825,95506.75,-0.12283243957559,0.606230095077978,125307.25,0.0110458365624316,0.485312698962842,140277,-0.00822259862436214,0.504824313498771
"166","NL",1594560.5,-0.325151594394529,0.689559242598007,1787888,-0.327451949846381,0.69223278196901,1971470,-0.350551796905749,0.697993861340263,4658779.5,-0.77202948169415,0.890266883635877,4903220,-0.595426299660166,0.846739552731804,6006795.5,-0.4818067138811,0.832508955792637
"167","NO",4082534.33333333,-0.744238455337007,0.919019452082552,4594153.33333333,-0.899812122988781,0.956004942173975,3673906,-0.717199725919937,0.90482280908598,2970691.33333333,-0.35403468654558,0.753782289772221,3804463.33333333,-0.306596918400732,0.739377737579846,4392471.66666667,-0.192465796260936,0.67930219589791
"168","NP",3991976,0.410369573505314,0.261701367570227,4332084,0.0798345345880686,0.448231886490944,5011899.5,0.28251479176552,0.334053993052731,4462795,-0.364398671125853,0.717770060661869,3744686,-0.111443301930918,0.573694174590231,3206375.5,-0.0179169578880836,0.511214033876291
"169","NR",0,0,0,0,0,0,0,0,0,0,0,0,0,0,0,0,0,0
"170","NS",139292,0.0884211784845411,0.430707116112002,240312.666666667,0.0621958007179502,0.449850543457367,423970.333333333,0.0475766482903969,0.462288335207569,372608.666666667,0.0163654806923613,0.484084455415485,282545.666666667,0.036786305590416,0.465566982063086,256680,0.0349920637654651,0.461636356340945
"171","NT",0,0,0,0,0,0,0,0,0,0,0,0,0,0,0,0,0,0
"172","NU",66623.5,0.101020324119136,0.435767953627308,114222,0.0583762953123914,0.461436464662395,223315.5,0.0324116676355958,0.478281833772062,37242.5,0.0772434677127391,0.448336091426556,86680,0.063724064840432,0.453405794497861,162573.5,0.0435100876267561,0.461827242426614
"173","NZ",0,0,0,0,0,0,0,0,0,0,0,0,0,0,0,0,0,0
"174","PA",261646,0.0249271435367728,0.478220705023436,378018,0.0246960544753653,0.478220193111572,615574.666666667,0.00413283843314814,0.494054623364224,1013437.33333333,-0.0730774037798357,0.553887880946872,830077.666666667,-0.0280485205081541,0.520340353872225,769524.333333333,-0.00942403294504145,0.505362601532514
"175","PC",0,0,0,0,0,0,0,0,0,0,0,0,0,0,0,0,0,0
"176","PE",267529,0.0459673386346921,0.451356994185942,391244.6,0.0239258939452414,0.472557065603439,686212.8,0.000830884164571688,0.495430547851284,260958.6,0.0330516565212182,0.462540736743656,206839.2,0.0441568757677153,0.447490408297852,196091,0.0394160996827209,0.444949633374358
"177","PF",0,0,0,0,0,0,0,0,0,0,0,0,0,0,0,0,0,0
"178","PG",0,0,0,0,0,0,0,0,0,0,0,0,0,0,0,0,0,0
"179","PK",2221813,4.20815648194181,1.72587769821242e-20,2602858,3.45085100172667,1.37228286997788e-14,3053934.5,4.04365005871035,4.09584109754226e-18,2327494.5,2.84696374220198,5.066434123268e-11,2081598,1.14838100067996,0.00237626489647233,1860149.75,0.374414582900729,0.14015630655502
"180","PL",3577492.42857143,9.23031769489166,8.03805848687665e-159,3955502,7.11965462221954,6.3990762136127e-97,3370751,6.50550535473012,8.11857435701364e-76,3526250.42857143,1.39376699613708,1.26817186860745e-05,4157728.71428571,0.575152949077713,0.02986156124186,4329494.42857143,0.105500597643812,0.339751395596342
"181","PM",385467,0.0204280455964713,0.485005334369917,551596,-4.13062903032485e-05,0.497558011483323,819426,-0.0432671646656667,0.523439214766498,71566,0.0673555410618981,0.454596088910799,121893,0.0547949822895526,0.45952772636224,203047.5,0.0361674853126302,0.467714675446908
"182","PO",1900957,1.37819560752299,0.0664630400588685,1583488,0.728613898243054,0.210999924904703,1110891,0.170148755136359,0.427030696320093,609350,-0.0121717529626803,0.503687332805572,829702,-0.00826872315708693,0.502087561462925,1752868,1.51148783510324e-05,0.497723527669446
"183","PP",489804,-0.00659801070075071,0.501133713239337,1083474,-0.160351333729307,0.568039380013057,1837063,-0.384672121063978,0.656204363522389,736452,-0.049458024458352,0.5204705373104,463465,0.010928117764598,0.492734891211904,149741,0.0454967284738442,0.471857032538982
"184","PS",0,0,0,0,0,0,0,0,0,0,0,0,0,0,0,0,0,0
"185","PU",273102.5,0.0563116372779788,0.46300897358196,363556,0.0520998576972591,0.465307455197633,380043,0.0811009492916723,0.449339648851764,69635,0.0730573022500764,0.45098485402144,145714.5,0.0568303593322553,0.458131339221735,227651,0.0386472787565719,0.465725476855171
"186","QA",125045,0.109241948554432,0.451015624861805,159778,0.123059514000873,0.444628345408537,213383,0.147571017745119,0.436405199959901,1820455,-0.167867161589437,0.57338707625387,4742980,-0.195771888539212,0.59259540463325,5130955,-0.112455192661535,0.561500257966562
"187","RE",0,0,0,0,0,0,0,0,0,0,0,0,0,0,0,0,0,0
"188","RM",0,0,0,0,0,0,0,0,0,0,0,0,0,0,0,0,0,0
"189","RO",1536812.2,0.120143928781056,0.380660116030838,1768171.8,0.845638433725978,0.0180541623410653,1555423.2,0.318878838455246,0.221228412368099,1399060.8,-0.102114806571559,0.598380337226032,1564365,-0.11066297692687,0.615054651834725,1215361,-0.0443989228104868,0.551285399220702
"190","RP",0,0,0,0,0,0,0,0,0,0,0,0,0,0,0,0,0,0
"191","RQ",0,0,0,0,0,0,0,0,0,0,0,0,0,0,0,0,0,0
"192","RS",1382547.28571429,7.0258704284087,4.73613630862187e-188,1518204.14285714,7.04697166050951,4.98661014961003e-192,1541297.21428571,4.61858388273819,2.24699429641505e-78,1054137.78571429,1.93926672391242,2.9442699371889e-17,1155238.57142857,1.67022458615197,4.46353864602947e-15,859190.285714286,0.390078330555387,0.0177819513099281
"193","RW",180693.5,0.018709841868836,0.480225269214071,173016.5,0.0471721488444117,0.455142212884869,263897,0.0829910995502499,0.426720884865886,279526.25,0.0314120399864959,0.468012841719474,228728.5,0.0417676867394596,0.455374506899012,181277.5,0.0189948871995713,0.473863374896071
"194","SA",236737.142857143,0.0544526328259283,0.432599111681433,388751.142857143,0.0365842607633815,0.452722437377626,494156.714285714,0.0350734458159888,0.456072762752381,342249.285714286,-0.0670102494895325,0.575307500204724,615820.714285714,0.084677653003425,0.386578426144801,800700.714285714,0.113566218071209,0.328674063935027
"195","SB",0,0,0,0,0,0,0,0,0,0,0,0,0,0,0,0,0,0
"196","SC",0,0,0,0,0,0,0,0,0,0,0,0,0,0,0,0,0,0
"197","SE",0,0,0,0,0,0,0,0,0,0,0,0,0,0,0,0,0,0
"198","SF",185331.5,0.0424868626840155,0.450349859650607,243228.333333333,0.0274799555692751,0.466068865028797,243004.5,-0.00955356117577005,0.505800344805305,101116.333333333,-0.0786637258583079,0.58239230551739,123768.666666667,-0.077394099750616,0.587349511540282,162930,-0.0267936450918374,0.531759336378482
"199","SG",224156.2,0.0426462722384811,0.454576559229071,250706.2,0.0410777154664707,0.455748383911589,278731.8,0.0606753688023755,0.438877081203873,56901.6,0.058350500150053,0.437122258575656,75248.4,0.0415852785562621,0.45028039126404,124441.2,0.0330482814957591,0.452986085752147
"200","SH",0,0,0,0,0,0,0,0,0,0,0,0,0,0,0,0,0,0
"201","SI",1465953.75,-0.293521728877858,0.736524016356425,1273442.75,-0.194899493056132,0.662947900302215,1181795,-0.157723266736867,0.627988544476308,578193.25,-0.0211565987249927,0.515531413829554,754210.5,-0.0210046116419593,0.516631511377609,1008155.75,-0.0264575298293722,0.525562474921801
"202","SL",212027.5,0.0766293557808256,0.450600028655737,252704,0.0836269945203407,0.445903681165168,344344.5,0.0795911620748428,0.450233869403461,52923,0.0625277796787981,0.457656721173018,79645,0.0563944940408444,0.458430325302674,161101.5,0.0393172237300273,0.465188216575266
"203","SM",4510364,-1.29284624862019,0.919424463861487,3788416,-1.02378607767653,0.868161748412689,3136335,-0.849564135318128,0.814124390575841,1109568,-0.12289807929533,0.553393382501719,1428977,-0.128282769406925,0.560328998311716,2122478,-0.14178344331224,0.577938149381075
"204","SN",0,0,0,0,0,0,0,0,0,0,0,0,0,0,0,0,0,0
"205","SO",130212,0.0743316232386386,0.441188800120165,155132.333333333,0.0817629118919991,0.435139406563749,223328.333333333,0.0607107618556862,0.45272251968695,197205.333333333,0.0486046204639171,0.458931849841406,210206.333333333,0.0470376447980687,0.456939425651831,353981.666666667,0.0263314550450581,0.470142658538208
"206","SP",910935.6,0.434614382892489,0.141574361196553,970298.8,0.248264528805073,0.266903773880863,945598.4,0.0736278421674824,0.426759952057734,1252493.4,0.0496608179981809,0.445829204652573,1288139.6,0.0583718311714533,0.432118812753804,1403760.4,0.130940791803478,0.333465392993447
"207","SR",323768.875,0.0463645463611822,0.437770162306369,559203.5,-0.0024657726985947,0.498100907125034,726179,-0.0272767904461169,0.528090070589034,99558.375,0.0693941073865705,0.406440913142742,146999.875,0.0579674668416374,0.414673549802742,171927.25,0.0447724184411006,0.422042041343739
"208","ST",0,0,0,0,0,0,0,0,0,0,0,0,0,0,0,0,0,0
"209","SU",239942,0.035818425913938,0.447670362173133,358288.333333333,0.0163908075276569,0.47294537982743,463058.666666667,0.00514765932181633,0.488290256004402,201504,0.0177092471636253,0.470371731350007,208722.777777778,0.0151511111208698,0.471823983345392,246970.333333333,0.0108713483247428,0.47466282731416
"210","SV",0,0,0,0,0,0,0,0,0,0,0,0,0,0,0,0,0,0
"211","SW",256051,0.0359310473732503,0.475492574779399,243511,0.059479996401519,0.460756124466413,288031.5,0.0716757797784675,0.454926043460203,81004.5,-0.0261861416360767,0.514158127136249,129223.5,-0.0264029877688996,0.515459238788765,216127.5,-0.0228196277426554,0.515158346108453
"212","SX",0,0,0,0,0,0,0,0,0,0,0,0,0,0,0,0,0,0
"213","SY",855646.6,-0.0428495696512238,0.537884636377352,1055264.6,-0.0216415888534787,0.517370281356439,1304147,-0.0206336454890831,0.515796898505284,476936.2,-0.00123210279742912,0.497212487412596,654160.8,-0.00409460928301424,0.50012092750748,840489.4,-0.0031000840516554,0.498875146715375
"214","SZ",1866735.4,-0.13596658108017,0.626640250098016,1773981.2,-0.147848831668253,0.638653266460793,1808388.8,-0.194985793409295,0.675218587203593,3230031.8,0.70325322434064,0.0362713163170529,3409052.6,0.649523987861642,0.0365708580541811,4108706,0.490911859224665,0.057219807596505
"215","TD",0,0,0,0,0,0,0,0,0,0,0,0,0,0,0,0,0,0
"216","TH",221003.25,0.0565960318220547,0.447344662430625,333162.25,0.0322567125670882,0.468187766855465,524892,-0.00288037407760115,0.499064818387149,222143.5,0.0186107838138486,0.479568240875263,286545,0.0175699504931057,0.478942326520492,464897,-0.00140124025507518,0.497060177275522
"217","TI",425292.25,0.00907434537680023,0.48861820822675,804148.5,-0.0314456944322098,0.52411677620241,1011778.5,-0.0171532150116956,0.511157079867324,537868.5,-0.00264014628622686,0.498784210867842,619228,-0.0022357274303411,0.498291135260956,503590.5,0.00614648326767979,0.488470704366279
"218","TK",0,0,0,0,0,0,0,0,0,0,0,0,0,0,0,0,0,0
"219","TL",0,0,0,0,0,0,0,0,0,0,0,0,0,0,0,0,0,0
"220","TM",489804,-0.00686272026549298,0.501248521920801,1083474,-0.167387976488179,0.571069308665602,1837063,-0.398568141668213,0.661589328742883,736452,-0.0523973800519385,0.521792439374927,463465,0.0112811310686506,0.492562925334523,149741,0.0462332950045242,0.471438810129354
"221","TN",0,0,0,0,0,0,0,0,0,0,0,0,0,0,0,0,0,0
"222","TO",557753.333333333,-0.0161786344076494,0.509190128509656,543996,0.0016344294135355,0.495731251551102,740783.333333333,-0.0202940466612379,0.511945208483068,97327.6666666667,0.0466917799375591,0.460420643448303,180415,0.0374680640391626,0.464992664212694,293480.333333333,0.0244915479931151,0.471951672624895
"223","TP",0,0,0,0,0,0,0,0,0,0,0,0,0,0,0,0,0,0
"224","TS",839526.5,0.011103671120292,0.490731301811855,821680.5,0.00254290072511449,0.495957499482452,731194.5,-0.00343141709883217,0.499670060071032,221758,0.0420693495669038,0.470652376850478,281149.5,0.0355763524942672,0.472735067770029,315176.5,0.0291775197667282,0.473325946516577
"225","TU",574664.375,0.140275650814439,0.3268006139648,737751.5,0.209405063463977,0.251733531096306,995519.875,0.435860652319708,0.09164337433418,248196.25,-0.0284385684259671,0.531438967473143,339778.25,-0.0316597138660363,0.538354036378726,388708.375,-0.023447892001943,0.531289808036336
"226","TV",0,0,0,0,0,0,0,0,0,0,0,0,0,0,0,0,0,0
"227","TW",0,0,0,0,0,0,0,0,0,0,0,0,0,0,0,0,0,0
"228","TX",886295.6,-0.094247841178487,0.587407095699571,1340427,-0.103162989542603,0.596631571960442,1749594.4,-0.180914708659728,0.663084569440879,1107596.4,-0.0465186850683404,0.543000857285566,1300946,-0.045953398719626,0.545809780165006,1097669,-0.0282974489236198,0.530907540643315
"229","TZ",262422.5,0.0380499117692513,0.447982653215157,267706.875,0.0556937112452319,0.425787468885449,322257,0.0692504602138827,0.412326966772852,183623.75,0.0072731307561138,0.485515803936888,168636.5,0.0233454237661122,0.462124236656491,268665.125,0.0215534529088438,0.458976590774759
"230","UG",234751.6,0.0462510866692994,0.45108206357406,261224.2,0.0578206967896258,0.439416185325555,302787.4,0.0205195083187601,0.476758425380939,193673,-0.0115897784125802,0.507703554170226,201964.2,0.011880639587635,0.482650822634237,324627.6,0.0110523688876347,0.480873632007947
"231","UK",911750,1.12028991456277,0.110801720363937,963946,0.871733700493839,0.168572516653633,1123620,0.864287872826431,0.179527411325242,223219,-0.29531446137818,0.628875499920259,227943,-0.276489869356535,0.63035948905752,384858,-0.162108608564563,0.589252630947066
"232","UP",2948461.71428571,10.0274906316843,5.30335524464435e-187,3301356.57142857,10.4658831062154,1.0896858675775e-206,2885366.57142857,6.25961121137587,2.33664241216437e-70,1737314.28571429,3.02713531452958,3.33082645281252e-20,2058638.71428571,2.61943247001644,7.38164362407121e-18,2147789,1.05355810591466,3.29464616171147e-05
"233","US",672177.333333333,0.163055961402275,0.376162178327105,684678,0.0940975656377746,0.425910455457057,774936.666666667,0.104542651958054,0.421027601034872,1293020.33333333,5.55168287834301,6.120350335212e-28,1510578.33333333,5.97063410975496,4.68041469290058e-37,1858314.66666667,6.36974772904124,3.44328092037996e-56
"234","UV",304331,-0.0489953902834613,0.548098385968653,269610.833333333,-0.0691276852831461,0.569973792158816,344596,-0.119105629772023,0.618116680982138,89256,0.044915215467109,0.445828779991181,108300.833333333,0.0231763837515451,0.46745572114901,132185.166666667,0.00480646417426245,0.487749317167396
"235","UY",309102,0.031383706458887,0.478281653166973,453825,0.0183937127442399,0.486142788634974,742624.5,-0.0209278233482736,0.51011464471421,1491172.5,-0.149016981713451,0.591683687223495,1215449,-0.0810906390085825,0.55302597451824,1109940,-0.0395426934584348,0.528598961400957
"236","UZ",585460,0.0210567501411844,0.475569641454632,1005550.4,0.155808597816678,0.346735300840897,1230553.6,0.315640858752566,0.223523194494177,921308.6,0.191055442581851,0.31022545466721,1009182.2,0.143631477098582,0.342824116885903,773934.6,0.0154437092526702,0.475294177961531
"237","VC",0,0,0,0,0,0,0,0,0,0,0,0,0,0,0,0,0,0
"238","VE",377654.666666667,0.0192368983483016,0.482504175620476,581868,-0.00584934384266437,0.501417203242644,932408.666666667,-0.047462193582558,0.531813753192016,394497.333333333,-0.0133963479612746,0.507362959930218,300312.666666667,-0.0314333329528934,0.523198320674333,266452.666666667,-0.0213466254259295,0.517110895831591
"239","VI",0,0,0,0,0,0,0,0,0,0,0,0,0,0,0,0,0,0
"240","VM",209858,-0.0153185907170932,0.508542081241414,341499.333333333,-0.0637236142403209,0.54529130209558,374976.333333333,-0.158912108047663,0.611972037795186,35343,0.0808971158898279,0.433901474003225,56169.6666666667,0.0703530261106092,0.437398867628089,145097.333333333,0.0443381420845617,0.452476559789807
"241","VQ",0,0,0,0,0,0,0,0,0,0,0,0,0,0,0,0,0,0
"242","VT",4510364,-1.29704824606832,0.920105118841234,3788416,-1.02502782209021,0.868452247724177,3136335,-0.854359803316984,0.815477483137261,1109568,-0.125162568727163,0.554403889764573,1428977,-0.13038785788085,0.561342690451474,2122478,-0.143865923852448,0.579100540978679
"243","WA",180233.8,0.0793250777973736,0.419230776088454,244206.4,0.0783741936546762,0.419509888778617,328451.2,0.0984656606839317,0.40372566765719,341552.8,0.0193158443822711,0.476412655646247,371629.2,0.0197972833334529,0.474003634185224,326331.8,0.024796537740771,0.463428363986086
"244","WE",504060.5,0.000742082183010524,0.497096398139449,746872,0.0269132980271039,0.480870609179564,906141,0.0439428445401989,0.471411288429939,762408,0.0294374018399259,0.478693003043871,924772.5,0.0383758398255506,0.470809001728984,1305361.5,0.0789216386152653,0.433573650578385
"245","WF",0,0,0,0,0,0,0,0,0,0,0,0,0,0,0,0,0,0
"246","WI",973314,-0.162064309100503,0.617396051652469,1107823,-0.176191558863552,0.628531930240107,1017451.66666667,-0.127231596157282,0.58951367128851,71161.6666666667,0.0748641237598347,0.438560725742762,57831.3333333333,0.0710686129487925,0.436801296235072,58772,0.0557156962726629,0.441360290358242
"247","WQ",0,0,0,0,0,0,0,0,0,0,0,0,0,0,0,0,0,0
"248","WS",0,0,0,0,0,0,0,0,0,0,0,0,0,0,0,0,0,0
"249","WZ",363397,0.0302201197031681,0.478995507022533,483161.5,0.0187201825088044,0.485940708652512,723802.5,-0.0244476926694863,0.512215244430322,506516,-0.00844274958452977,0.502843849278976,672914,-0.0181307444268027,0.50975648376944,686915,-0.00474611130490117,0.500613422407439
"250","YM",118982.5,0.0451981396892417,0.469812532777765,181699,0.00599829311306122,0.493817530612048,243980.5,0.00712176010501797,0.49336992906465,983239,-0.0473438881748693,0.527633961937302,2583265.5,-0.132717460872498,0.58806423061984,2877273.5,-0.0962855392291103,0.573872283855216
"251","ZA",195121.75,0.0611967275956196,0.419659267509037,233019.625,0.0687014315574965,0.409864810982669,268361,0.0967087479888836,0.38032196431065,169103.25,0.0277821543125561,0.459190090839837,180553.5,0.0390973091138288,0.440426963930864,189744.375,0.0343166060170486,0.438609375194779
"252","ZI",202811.8,0.0447781643931506,0.45250946735263,264573.8,0.0404314854398217,0.456380441995931,343152,0.0443393076356667,0.454240255469654,263469.8,-0.000895010448272366,0.496871046902367,325299.4,0.00572614393089904,0.489379105446638,332682.4,0.0104304424438206,0.481664154206338
